Date,AAPL,INFY.NS,MSFT,RELIANCE.NS,TCS.NS
2022-01-03,177.93975830078125,1704.2493896484375,323.1607666015625,1093.7806396484375,3386.357666015625
2022-01-04,175.681396484375,1704.8780517578125,317.6195068359375,1118.465087890625,3445.787109375
2022-01-05,171.0082550048828,1655.952880859375,305.4267883300781,1123.6976318359375,3424.676025390625
2022-01-06,168.15357971191406,1631.849609375,303.0133361816406,1099.5364990234375,3377.22119140625
2022-01-07,168.3197784423828,1628.7076416015625,303.1678161621094,1108.4091796875,3418.067626953125
2022-01-10,168.33935546875,1661.4290771484375,303.3897399902344,1109.3193359375,3441.44140625
2022-01-11,171.16470336914062,1665.78271484375,304.0752258300781,1117.3048095703125,3473.417236328125
2022-01-12,171.6046600341797,1685.397705078125,307.25128173828125,1147.130859375,3423.744873046875
2022-01-13,168.33935546875,1702.7681884765625,294.2476501464844,1153.592041015625,3457.450927734375
2022-01-14,169.1996307373047,1731.988525390625,299.4607238769531,1155.2755126953125,3519.762939453125
2022-01-17,,1741.100341796875,,1161.304443359375,3565.000244140625
2022-01-18,166.00279235839844,1724.2684326171875,292.17205810546875,1147.44921875,3539.676513671875
2022-01-19,162.5126190185547,1676.0616455078125,292.8285217285156,1147.3582763671875,3478.40966796875
2022-01-20,160.8310546875,1637.14599609375,291.1584777832031,1127.26953125,3400.126953125
2022-01-21,158.77806091308594,1603.033203125,285.7812805175781,1127.4515380859375,3406.30322265625
2022-01-24,158.0056915283203,1559.1353759765625,286.1094970703125,1081.9730224609375,3351.078857421875
2022-01-25,156.20684814453125,1545.9840087890625,278.5023498535156,1079.8572998046875,3349.79052734375
2022-01-26,156.11886596679688,,286.4377136230469,,
2022-01-27,155.65936279296875,1506.8887939453125,289.4593505859375,1063.863525390625,3242.585205078125
2022-01-28,166.52090454101562,1513.7113037109375,297.587890625,1062.8397216796875,3278.83837890625
2022-01-31,170.8714141845703,1558.5965576171875,300.2137756347656,1085.9317626953125,3319.890625
2022-02-01,170.70523071289062,1590.7796630859375,298.0705871582031,1082.337158203125,3377.113525390625
2022-02-02,171.90771484375,1604.2900390625,302.60784912109375,1084.5438232421875,3426.473388671875
2022-02-03,169.033447265625,1560.706298828125,290.820556640625,1070.529541015625,3398.394775390625
2022-02-04,168.7495880126953,1562.995361328125,295.3481750488281,1060.76953125,3389.775390625
2022-02-07,168.03500366210938,1539.5653076171875,290.5309753417969,1054.3084716796875,3357.87646484375
2022-02-08,171.13803100585938,1541.6302490234375,294.0160217285156,1072.031005859375,3326.287841796875
2022-02-09,172.5574188232422,1559.5841064453125,300.435791015625,1084.5211181640625,3341.48193359375
2022-02-10,168.48529052734375,1588.580078125,291.9114685058594,1083.406494140625,3350.19091796875
2022-02-11,165.0787811279297,1545.2657470703125,284.8255615234375,1081.29052734375,3283.192626953125
2022-02-14,165.31369018554688,1510.12060546875,284.78692626953125,1064.068359375,3317.6689453125
2022-02-15,169.14112854003906,1560.43701171875,290.067626953125,1100.1964111328125,3392.352783203125
2022-02-16,168.90618896484375,1555.9932861328125,289.72900390625,1097.92138671875,3388.17626953125
2022-02-17,165.31369018554688,1548.363037109375,281.2451477050781,1111.82177734375,3362.497314453125
2022-02-18,163.76707458496094,1532.338623046875,278.5364990234375,1103.1312255859375,3371.115966796875
2022-02-21,,1553.6593017578125,,1091.9833984375,3304.918212890625
2022-02-22,160.84999084472656,1556.9359130859375,278.3332824707031,1087.0238037109375,3186.7392578125
2022-02-23,156.68975830078125,1564.5665283203125,271.12640380859375,1080.2213134765625,3166.657958984375
2022-02-24,159.30335998535156,1506.4849853515625,284.97918701171875,1026.3934326171875,3022.577392578125
2022-02-25,161.3688201904297,1521.252197265625,287.6103820800781,1039.224853515625,3128.4052734375
2022-02-28,161.63311767578125,1540.1038818359375,289.0422058105469,1073.62353515625,3158.12744140625
2022-03-01,159.75364685058594,,285.3274841308594,,
2022-03-02,163.042724609375,1528.61328125,290.396484375,1091.3690185546875,3150.97412109375
2022-03-03,162.7196807861328,1544.8170166015625,286.26580810546875,1082.155029296875,3149.419677734375
2022-03-04,159.72427368164062,1547.016357421875,280.40350341796875,1058.1531982421875,3131.603515625
2022-03-07,155.93601989746094,1561.8734130859375,269.8106994628906,1019.022216796875,3096.55029296875
2022-03-08,154.11529541015625,1596.3004150390625,266.8505554199219,1017.1793212890625,3198.779052734375
2022-03-09,159.5089111328125,1627.854736328125,279.087890625,1071.143798828125,3227.790283203125
2022-03-10,155.1724853515625,1639.1209716796875,276.2728271484375,1088.50244140625,3217.438720703125
2022-03-11,151.46249389648438,1635.6199951171875,270.932861328125,1091.64208984375,3198.069091796875
2022-03-14,147.43931579589844,1697.292236328125,267.4212646484375,1100.605712890625,3237.031982421875
2022-03-15,151.8148956298828,1651.1502685546875,277.7818603515625,1075.398193359375,3193.4033203125
2022-03-16,156.2198944091797,1696.125244140625,284.78570556640625,1093.55322265625,3248.494140625
2022-03-17,157.22811889648438,1664.885009765625,285.588623046875,1129.203369140625,3263.466796875
2022-03-18,160.51718139648438,,290.6285705566406,,
2022-03-21,161.8876190185547,1663.49365234375,289.40008544921875,1122.6966552734375,3222.548095703125
2022-03-22,165.25497436523438,1694.329833984375,294.1402282714844,1151.7037353515625,3288.524169921875
2022-03-23,166.6156463623047,1680.8642578125,289.7193298339844,1155.3665771484375,3298.698486328125
2022-03-24,170.3941192626953,1693.701416015625,294.178955078125,1173.3167724609375,3331.974609375
2022-03-25,171.03038024902344,1684.5897216796875,293.7725830078125,1181.14306640625,3294.2998046875
2022-03-28,171.8917999267578,1682.2108154296875,300.5635986328125,1193.018798828125,3294.521484375
2022-03-29,175.1808624267578,1693.0731201171875,305.1199951171875,1193.2918701171875,3292.433837890625
2022-03-30,174.0159912109375,1709.1866455078125,303.6205139160156,1216.2244873046875,3315.71435546875
2022-03-31,170.9227294921875,1711.7901611328125,298.2515869140625,1198.8428955078125,3323.177978515625
2022-04-01,170.62904357910156,1708.827880859375,299.3254089355469,1208.443603515625,3339.883056640625
2022-04-04,174.6718292236328,1690.3350830078125,304.6943359375,1212.015625,3350.19091796875
2022-04-05,171.3632049560547,1670.72021484375,300.73773193359375,1194.88427734375,3389.68701171875
2022-04-06,168.20138549804688,1641.7691650390625,289.72900390625,1191.6993408203125,3336.8623046875
2022-04-07,168.50485229492188,1625.7451171875,291.5379943847656,1170.6776123046875,3273.595703125
2022-04-08,166.49813842773438,1628.976806640625,287.28155517578125,1190.15234375,3274.928466796875
2022-04-11,162.2498016357422,1585.8421630859375,275.9535827636719,1187.672607421875,3284.48095703125
2022-04-12,164.1194610595703,1564.2073974609375,272.85797119140625,1165.3084716796875,3279.771728515625
2022-04-13,166.8015899658203,1569.683349609375,278.2365417480469,1161.0313720703125,3253.869873046875
2022-04-14,161.7994842529297,,270.70074462890625,,
2022-04-18,161.5841522216797,1455.5401611328125,271.36822509765625,1157.4822998046875,3134.89208984375
2022-04-19,163.86495971679688,1402.2164306640625,275.99224853515625,1201.595703125,3084.999267578125
2022-04-20,163.6985626220703,1425.287353515625,277.0176696777344,1236.9273681640625,3160.437744140625
2022-04-21,162.90562438964844,1453.2060546875,271.64874267578125,1265.888916015625,3224.281005859375
2022-04-22,158.37338256835938,1423.267578125,265.0899658203125,1255.2872314453125,3209.974853515625
2022-04-25,159.4403839111328,1401.4083251953125,271.56170654296875,1226.257568359375,3152.79638671875
2022-04-26,153.4888153076172,1419.272705078125,261.40423583984375,1262.9541015625,3151.108642578125
2022-04-27,153.26364135742188,1393.9573974609375,273.98016357421875,1264.1827392578125,3164.347412109375
2022-04-28,160.18434143066406,1420.7091064453125,280.1809997558594,1283.065673828125,3184.873779296875
2022-04-29,154.32083129882812,1407.1986083984375,268.466064453125,1269.5972900390625,3151.46337890625
2022-05-02,154.6243133544922,1383.364501953125,275.1893310546875,1265.13818359375,3147.642578125
2022-05-03,156.1122283935547,,272.58709716796875,,
2022-05-04,162.5141143798828,1378.4720458984375,280.51959228515625,1225.64306640625,3091.974365234375
2022-05-05,153.45944213867188,1422.998291015625,268.3016357421875,1201.6412353515625,3121.8740234375
2022-05-06,154.18487548828125,1385.0252685546875,265.76715087890625,1192.42724609375,3050.07861328125
2022-05-09,149.06759643554688,1409.712158203125,255.94825744628906,1145.8568115234375,3061.185546875
2022-05-10,151.4693603515625,1394.136962890625,260.7077331542969,1125.9954833984375,3055.542724609375
2022-05-11,143.6170196533203,1370.5721435546875,252.04969787597656,1114.4609375,3031.774658203125
2022-05-12,139.75453186035156,1354.4583740234375,247.0193634033203,1091.755859375,3028.797607421875
2022-05-13,144.2150115966797,1350.508544921875,252.60110473632812,1104.132080078125,3034.35107421875
2022-05-16,142.67591857910156,1336.773681640625,252.9687042236328,1104.4052734375,3000.49609375
2022-05-17,146.30307006835938,1363.121337890625,258.11517333984375,1150.793701171875,3066.961181640625
2022-05-18,138.04876708984375,1354.8173828125,246.3632354736328,1154.979736328125,3064.47314453125
2022-05-19,134.64707946777344,1281.1607666015625,245.4518280029297,1128.361572265625,2898.445556640625
2022-05-20,134.88235473632812,1306.2965087890625,244.8894500732422,1194.15625,2926.035400390625
2022-05-23,140.29373168945312,1318.191162109375,252.73370361328125,1186.1708984375,2951.5810546875
2022-05-24,137.5978240966797,1293.5938720703125,251.73500061035156,1190.2432861328125,2921.592529296875
2022-05-25,137.7546844482422,1266.1690673828125,254.54685974121094,1188.4915771484375,2833.61328125
2022-05-26,140.95053100585938,1278.2879638671875,257.82427978515625,1177.16162109375,2886.660400390625
2022-05-27,146.69522094726562,1311.8621826171875,264.9413757324219,1171.7015380859375,2917.38818359375
2022-05-30,,1370.6173095703125,,1212.5159912109375,3019.321533203125
2022-05-31,145.9109649658203,1364.085205078125,263.6130065917969,1197.887451171875,3009.571044921875
2022-06-01,145.78350830078125,1341.359619140625,264.146240234375,1198.274169921875,3001.385986328125
2022-06-02,148.23431396484375,1368.0770263671875,266.2406311035156,1239.58935546875,3062.0361328125
2022-06-03,142.51904296875,1380.505859375,261.8192138671875,1264.7059326171875,3077.37744140625
2022-06-06,143.26412963867188,1388.0810546875,260.58770751953125,1259.2684326171875,3069.148193359375
2022-06-07,145.78350830078125,1366.8974609375,264.223876953125,1261.6346435546875,3008.094970703125
2022-06-08,145.0482635498047,1360.8193359375,262.1972961425781,1239.4754638671875,3045.174560546875
2022-06-09,139.83297729492188,1374.4273681640625,256.74798583984375,1273.4649658203125,3065.70361328125
2022-06-10,134.43141174316406,1339.7720947265625,245.306396484375,1235.016357421875,3005.59033203125
2022-06-13,129.2847137451172,1292.3248291015625,234.90225219726562,1211.6514892578125,2880.085693359375
2022-06-14,130.1473846435547,1306.885498046875,237.0645294189453,1195.8170166015625,2871.98974609375
2022-06-15,132.7648468017578,1290.238037109375,244.11375427246094,1181.34765625,2868.188232421875
2022-06-16,127.50052642822266,1267.5577392578125,237.5299835205078,1164.830810546875,2810.668212890625
2022-06-17,128.9709930419922,1258.57666015625,240.1285400390625,1178.4810791015625,2763.168212890625
2022-06-20,,1282.9349365234375,,1157.118408203125,2784.189453125
2022-06-21,133.19618225097656,1315.3677978515625,246.03363037109375,1175.796630859375,2873.24169921875
2022-06-22,132.68641662597656,1303.8916015625,245.4420928955078,1140.078125,2883.082275390625
2022-06-23,135.54896545410156,1317.6812744140625,250.99807739257812,1121.581787109375,2959.87890625
2022-06-24,138.87228393554688,1307.38427734375,259.5696105957031,1137.5528564453125,2945.834716796875
2022-06-27,138.87228393554688,1337.7760009765625,256.844970703125,1134.1856689453125,2965.156982421875
2022-06-28,134.73529052734375,1342.8111572265625,248.6903839111328,1150.1337890625,2968.243408203125
2022-06-29,136.4900665283203,1327.479248046875,252.35557556152344,1173.999267578125,2943.50830078125
2022-06-30,134.0294952392578,1326.25439453125,249.0297393798828,1181.0521240234375,2922.576904296875
2022-07-01,136.1959686279297,1342.1307373046875,251.69619750976562,1095.9874267578125,2965.5146484375
2022-07-04,,1349.9327392578125,,1098.2623291015625,2893.90576171875
2022-07-05,138.7742156982422,1339.0006103515625,254.86692810058594,1107.157958984375,2877.133544921875
2022-07-06,140.10745239257812,1353.2442626953125,258.1248779296875,1097.4207763671875,2916.895751953125
2022-07-07,143.46994018554688,1359.639892578125,260.24835205078125,1086.6142578125,2941.137939453125
2022-07-08,144.14637756347656,1373.928466796875,259.5308837890625,1088.115966796875,2921.100341796875
2022-07-11,142.0190887451172,1336.460693359375,256.4765625,1102.9036865234375,2785.4423828125
2022-07-12,142.98959350585938,1305.1163330078125,245.9657440185547,1101.333740234375,2759.411376953125
2022-07-13,142.62693786621094,1310.4237060546875,245.04457092285156,1081.8138427734375,2718.306884765625
2022-07-14,145.54823303222656,1296.27099609375,246.3632354736328,1090.73193359375,2689.60546875
2022-07-15,147.21478271484375,1297.6318359375,248.92308044433594,1092.847900390625,2685.88330078125
2022-07-18,144.17581176757812,1351.656494140625,246.52809143066406,1102.15283203125,2747.679931640625
2022-07-19,148.0284423828125,1346.43994140625,251.6477508544922,1108.909912109375,2757.322021484375
2022-07-20,150.02830505371094,1374.6995849609375,254.3044891357422,1138.8951416015625,2838.537109375
2022-07-21,152.29287719726562,1390.6666259765625,256.7964782714844,1131.2962646484375,2849.748046875
2022-07-22,151.05767822265625,1366.53466796875,252.4525146484375,1138.9405517578125,2844.09765625
2022-07-25,149.94004821777344,1364.085205078125,250.96900939941406,1101.3111572265625,2840.2861328125
2022-07-26,148.61663818359375,1316.501953125,244.24945068359375,1101.8116455078125,2794.678466796875
2022-07-27,153.70449829101562,1334.555419921875,260.5780334472656,1100.76513671875,2860.108154296875
2022-07-28,154.2534942626953,1376.604736328125,268.0150451660156,1118.010009765625,2924.371337890625
2022-07-29,159.3119659423828,1405.9078369140625,272.21356201171875,1141.829833984375,2961.503173828125
2022-08-01,158.33160400390625,1407.132568359375,269.56646728515625,1171.587646484375,2958.722412109375
2022-08-02,156.86111450195312,1400.373779296875,266.47344970703125,1176.0467529296875,2952.4443359375
2022-08-03,162.86068725585938,1420.785888671875,273.89105224609375,1185.9205322265625,2995.2275390625
2022-08-04,162.54701232910156,1451.449951171875,275.0351867675781,1170.2454833984375,3009.08447265625
2022-08-05,162.32122802734375,1466.6456298828125,274.317626953125,1153.00048828125,3018.143310546875
2022-08-08,161.84999084472656,1469.1405029296875,271.80633544921875,1168.0841064453125,3026.57421875
2022-08-09,161.89910888671875,,273.72613525390625,,
2022-08-10,166.1399688720703,1453.7633056640625,280.3778381347656,1175.0687255859375,3008.457275390625
2022-08-11,165.40370178222656,1469.639404296875,278.3028564453125,1178.981689453125,3069.670654296875
2022-08-12,168.94757080078125,1446.18798828125,283.0442810058594,1198.046630859375,3050.88037109375
2022-08-15,170.01763916015625,,284.55694580078125,,
2022-08-16,169.86053466796875,1448.3197021484375,283.82000732421875,1206.3734130859375,3042.942138671875
2022-08-17,171.3527069091797,1457.210693359375,283.0718688964844,1212.67529296875,3050.4765625
2022-08-18,170.9600067138672,1436.0726318359375,281.9543762207031,1214.87451171875,3032.67333984375
2022-08-19,168.37823486328125,1448.90966796875,278.0481872558594,1193.213623046875,3036.708984375
2022-08-22,164.5005645751953,1429.4500732421875,269.88604736328125,1189.904052734375,3008.725830078125
2022-08-23,164.16680908203125,1399.28515625,268.6130676269531,1208.2552490234375,2945.98681640625
2022-08-24,164.4613037109375,1394.8397216796875,267.9815368652344,1205.0369873046875,2919.751953125
2022-08-25,166.91549682617188,1377.28515625,270.95489501953125,1201.5218505859375,2886.432373046875
2022-08-26,160.62290954589844,1380.3697509765625,260.4996032714844,1195.108154296875,2890.019775390625
2022-08-29,158.42388916015625,1326.118408203125,257.72052001953125,1185.8184814453125,2809.611572265625
2022-08-30,155.9991912841797,1354.42333984375,255.52447509765625,1204.21533203125,2880.108642578125
2022-08-31,154.3401336669922,,254.0669403076172,,
2022-09-01,155.0665740966797,1328.341064453125,253.02725219726562,1168.81396484375,2808.849365234375
2022-09-02,152.9559783935547,1318.18017578125,248.81011962890625,1155.1646728515625,2807.683349609375
2022-09-05,,1325.7100830078125,,1173.1051025390625,2810.3740234375
2022-09-06,151.6993865966797,1320.0855712890625,246.07969665527344,1185.4532470703125,2804.6787109375
2022-09-07,153.10324096679688,1322.3988037109375,250.7826690673828,1178.5601806640625,2824.904541015625
2022-09-08,151.63070678710938,1338.9554443359375,251.2004852294922,1180.226318359375,2842.886962890625
2022-09-09,154.48739624023438,1371.3883056640625,256.9722900390625,1172.8768310546875,2885.938232421875
2022-09-12,160.43638610839844,1393.660400390625,259.100341796875,1186.0010986328125,2908.630615234375
2022-09-13,151.02206420898438,1401.5985107421875,244.8553924560547,1195.906982421875,2896.432373046875
2022-09-14,152.4651336669922,1338.501953125,245.07884216308594,1181.572998046875,2798.714599609375
2022-09-15,149.57899475097656,1299.8546142578125,238.4325408935547,1169.8638916015625,2784.319091796875
2022-09-16,147.93954467773438,1249.277587890625,237.81068420410156,1140.8763427734375,2698.529541015625
2022-09-19,151.65029907226562,1261.298095703125,237.5968780517578,1142.35986328125,2716.5576171875
2022-09-20,154.0260009765625,1259.7105712890625,235.5854949951172,1142.54248046875,2726.8720703125
2022-09-21,150.90423583984375,1249.458740234375,232.18455505371094,1145.6925048828125,2691.80322265625
2022-09-22,149.94219970703125,1241.021728515625,234.1571044921875,1134.896240234375,2697.363525390625
2022-09-23,147.6744842529297,1238.753662109375,231.18373107910156,1113.62353515625,2674.627197265625
2022-09-26,148.00828552246094,1252.1805419921875,230.72702026367188,1085.252197265625,2685.703857421875
2022-09-27,148.98013305664062,1264.2464599609375,229.7165069580078,1093.8800048828125,2706.377197265625
2022-09-28,147.09532165527344,1265.2896728515625,234.2445526123047,1064.7554931640625,2722.700927734375
2022-09-29,139.87013244628906,1268.8734130859375,230.77560424804688,1061.4915771484375,2688.30517578125
2022-09-30,135.66851806640625,1282.300048828125,226.3058624267578,1085.434814453125,2694.8076171875
2022-10-03,139.8406982421875,1264.4278564453125,233.92391967773438,1081.6688232421875,2677.228271484375
2022-10-04,143.42384338378906,1296.77001953125,241.8334503173828,1101.61767578125,2772.47998046875
2022-10-05,143.7183074951172,,242.1443634033203,,
2022-10-06,142.76611328125,1320.1307373046875,239.80258178710938,1105.680419921875,2782.166259765625
2022-10-07,137.52394104003906,1316.5472412109375,227.6079864501953,1110.359619140625,2748.936279296875
2022-10-10,137.847900390625,1326.934814453125,222.7592315673828,1098.2396240234375,2797.05517578125
2022-10-11,136.43421936035156,1291.6895751953125,219.02793884277344,1076.3734130859375,2753.106689453125
2022-10-12,135.80596923828125,1296.1348876953125,219.35830688476562,1084.293701171875,2781.08935546875
2022-10-13,140.3708038330078,1288.151611328125,227.6079864501953,1087.7401123046875,2783.37744140625
2022-10-14,135.8452606201172,1337.45849609375,222.0887451171875,1082.216552734375,2779.65478515625
2022-10-17,139.80140686035156,1351.701904296875,230.80477905273438,1099.5863037109375,2798.1787109375
2022-10-18,141.1168670654297,1364.1759033203125,231.747314453125,1118.9873046875,2827.808837890625
2022-10-19,141.22488403320312,1347.6192626953125,229.78451538085938,1138.4569091796875,2807.261474609375
2022-10-20,140.76345825195312,1361.6358642578125,229.46385192871094,1141.5155029296875,2839.13916015625
2022-10-21,144.57240295410156,1361.2728271484375,235.2648162841797,1128.2769775390625,2821.244384765625
2022-10-24,146.7124481201172,1377.0130615234375,240.24957275390625,1132.0430908203125,2843.095458984375
2022-10-25,149.54949951171875,1384.6790771484375,243.56304931640625,1114.5592041015625,2843.455322265625
2022-10-26,146.61431884765625,,224.77061462402344,,
2022-10-27,142.14767456054688,1397.6561279296875,220.3300323486328,1118.941650390625,2839.229248046875
2022-10-28,152.8872528076172,1387.8431396484375,229.19178771972656,1153.1790771484375,2844.489501953125
2022-10-31,150.53121948242188,1410.220947265625,225.55770874023438,1163.8837890625,2871.376708984375
2022-11-01,147.89047241210938,1442.641357421875,221.7097625732422,1154.8680419921875,2931.220458984375
2022-11-02,142.3734130859375,1424.573974609375,213.8682861328125,1162.08056640625,2915.033935546875
2022-11-03,136.3360595703125,1403.8927001953125,208.1839141845703,1166.4173583984375,2883.605712890625
2022-11-04,136.0706024169922,1388.53076171875,215.12176513671875,1183.58154296875,2893.183349609375
2022-11-07,136.60157775878906,1382.523681640625,221.41830444335938,1189.904052734375,2907.84033203125
2022-11-08,137.1719207763672,,222.3899688720703,,
2022-11-09,132.61915588378906,1385.962890625,218.1533966064453,1188.7171630859375,2891.96875
2022-11-10,144.41888427734375,1377.4793701171875,236.10049438476562,1174.337646484375,2882.616455078125
2022-11-11,147.20167541503906,1439.981689453125,240.11354064941406,1201.407958984375,2981.802001953125
2022-11-14,145.8053741455078,1453.922119140625,234.71096801757812,1195.58740234375,2999.3818359375
2022-11-15,147.53598022460938,1461.9010009765625,235.11907958984375,1190.2237548828125,2996.77392578125
2022-11-16,146.30682373046875,1469.9718017578125,235.54782104492188,1183.3990478515625,3017.232177734375
2022-11-17,148.2046661376953,1455.8480224609375,235.49908447265625,1186.45751953125,3011.521728515625
2022-11-18,148.76512145996094,1461.350830078125,235.0508575439453,1185.8184814453125,3006.53076171875
2022-11-21,145.53988647460938,1438.2391357421875,235.85963439941406,1164.4771728515625,2952.6220703125
2022-11-22,147.6736297607422,1453.6927490234375,238.76339721679688,1170.9366455078125,2980.902587890625
2022-11-23,148.54879760742188,1451.9503173828125,241.24818420410156,1167.2845458984375,2974.923095703125
2022-11-24,,1494.7342529296875,,1177.3505859375,3039.532470703125
2022-11-25,145.63819885253906,1500.0994873046875,241.16049194335938,1194.9256591796875,3048.075439453125
2022-11-28,141.81312561035156,1488.8646240234375,235.57705688476562,1235.987548828125,3053.11083984375
2022-11-29,138.8140411376953,1494.046630859375,234.18362426757812,1238.110107421875,3054.999267578125
2022-11-30,145.5595245361328,1499.4573974609375,248.61485290527344,1246.85205078125,3049.109375
2022-12-01,145.83485412597656,1519.7718505859375,248.17636108398438,1243.17724609375,3125.408935546875
2022-12-02,145.3432159423828,1502.1630859375,248.4979705810547,1242.6522216796875,3092.587158203125
2022-12-05,144.18289184570312,1503.8594970703125,243.8011932373047,1224.5294189453125,3080.67236328125
2022-12-06,140.5249786376953,1479.23486328125,238.85113525390625,1228.067138671875,3044.208740234375
2022-12-07,138.58786010742188,1472.447998046875,238.1202850341797,1209.9443359375,3039.9375
2022-12-08,140.26931762695312,1485.8839111328125,241.07278442382812,1209.37353515625,3012.9150390625
2022-12-09,139.78749084472656,1439.248046875,239.1434326171875,1191.04541015625,2960.93994140625
2022-12-12,142.07862854003906,1418.9794921875,246.05209350585938,1192.8712158203125,2955.274658203125
2022-12-13,143.042236328125,1441.86181640625,250.3493194580078,1198.3037109375,2996.324462890625
2022-12-14,140.82000732421875,1448.510986328125,250.6416778564453,1193.9669189453125,3026.2236328125
2022-12-15,134.22198486328125,1412.834716796875,242.64161682128906,1177.008056640625,2972.045654296875
2022-12-16,132.2651824951172,1396.05126953125,238.43214416503906,1171.187744140625,2913.73046875
2022-12-19,130.16090393066406,1382.4320068359375,234.30055236816406,1186.5716552734375,2879.379638671875
2022-12-20,130.09205627441406,1382.38623046875,235.6160125732422,1196.843017578125,2917.05712890625
2022-12-21,133.1894989013672,1384.449462890625,238.1787567138672,1179.8155517578125,2939.1787109375
2022-12-22,130.0232391357422,1395.9136962890625,232.09835815429688,1176.7569580078125,2931.220458984375
2022-12-23,129.65940856933594,1373.0313720703125,232.62452697753906,1142.245849609375,2903.029296875
2022-12-26,,1377.8922119140625,,1152.22021484375,2925.105224609375
2022-12-27,127.85995483398438,1389.310546875,230.89981079101562,1161.64697265625,2931.040283203125
2022-12-28,123.93653106689453,1384.999755859375,228.53196716308594,1161.5328369140625,2928.88232421875
2022-12-29,127.44695281982422,1391.7867431640625,234.84619140625,1161.0078125,2939.358154296875
2022-12-30,127.76160430908203,1383.21142578125,233.68666076660156,1162.7880859375,2928.522216796875
2023-01-02,,1397.7021484375,,1175.8896484375,2932.794189453125
2023-01-03,122.98271179199219,1396.3724365234375,233.45277404785156,1167.2845458984375,2977.6650390625
2023-01-04,124.25119018554688,1370.9219970703125,223.24082946777344,1149.7095947265625,2980.632568359375
2023-01-05,122.93354797363281,1352.9461669921875,216.6244659423828,1147.6553955078125,2977.440673828125
2023-01-06,127.45677947998047,1328.4588623046875,219.17745971679688,1158.086181640625,2887.9228515625
2023-01-09,127.97792053222656,1361.4298095703125,221.3114776611328,1185.4302978515625,2985.398681640625
2023-01-10,128.54823303222656,1347.9481201171875,222.99720764160156,1167.90087890625,2955.229248046875
2023-01-11,131.26219177246094,1349.32373046875,229.74024963378906,1153.1790771484375,2993.267333984375
2023-01-12,131.18350219726562,1357.8988037109375,232.41017150878906,1128.2769775390625,2998.347900390625
2023-01-13,132.510986328125,1379.03857421875,233.1117401123047,1126.451171875,3034.496826171875
2023-01-16,,1399.077880859375,,1115.723388671875,3066.22509765625
2023-01-17,133.67132568359375,1411.91748046875,234.20314025878906,1131.56396484375,3107.012939453125
2023-01-18,132.9534912109375,1417.328857421875,229.7792205810547,1129.692138671875,3117.680908203125
2023-01-19,133.0124969482422,1411.3673095703125,225.99844360351562,1128.4825439453125,3102.138671875
2023-01-20,135.569091796875,1399.123779296875,234.076416015625,1115.0615234375,3092.94189453125
2023-01-23,138.7550048828125,1419.7132568359375,236.37608337402344,1109.4237060546875,3140.58056640625
2023-01-24,140.1513214111328,1423.2899169921875,235.8498992919922,1102.873046875,3160.261962890625
2023-01-25,139.4925079345703,1415.12744140625,234.45648193359375,1087.6259765625,3154.238037109375
2023-01-26,141.55746459960938,,241.657470703125,,
2023-01-27,143.49456787109375,1393.2542724609375,241.81338500976562,1066.992431640625,3137.039794921875
2023-01-30,140.61346435546875,1411.275634765625,236.50274658203125,1077.218017578125,3157.82470703125
2023-01-31,141.8819580078125,1406.644287109375,241.47235107421875,1074.5244140625,3088.895263671875
2023-02-01,143.0029296875,1422.556396484375,246.28598022460938,1068.1563720703125,3134.556884765625
2023-02-02,148.30299377441406,1452.50048828125,257.8328857421875,1062.2447509765625,3182.42626953125
2023-02-03,151.92156982421875,1466.853515625,251.7427978515625,1063.1806640625,3202.56689453125
2023-02-06,149.19778442382812,1439.75244140625,250.20315551757812,1055.169189453125,3182.01220703125
2023-02-07,152.06907653808594,1432.919921875,260.71722412109375,1052.6356201171875,3193.599853515625
2023-02-08,149.3845977783203,1458.691162109375,259.908447265625,1073.6573486328125,3237.330322265625
2023-02-09,148.35214233398438,1482.9949951171875,256.87799072265625,1075.52880859375,3256.413330078125
2023-02-10,148.71653747558594,1475.245361328125,256.3712463378906,1066.6728515625,3253.37841796875
2023-02-13,151.51341247558594,1437.55126953125,264.381103515625,1060.6014404296875,3202.658935546875
2023-02-14,150.87327575683594,1461.213134765625,265.2093811035156,1085.5947265625,3218.93701171875
2023-02-15,152.97091674804688,1464.6982421875,263.0894775390625,1110.1768798828125,3237.835693359375
2023-02-16,151.37551879882812,1469.0546875,256.08538818359375,1109.3094482421875,3272.231689453125
2023-02-17,150.23313903808594,1452.5462646484375,252.09002685546875,1113.94287109375,3219.902099609375
2023-02-20,,1460.4793701171875,,1102.16552734375,3207.164794921875
2023-02-21,146.22494506835938,1448.602783203125,246.82467651367188,1111.1585693359375,3173.781005859375
2023-02-22,146.6484375,1432.36962890625,245.6915283203125,1085.959716796875,3128.3037109375
2023-02-23,147.13096618652344,1422.189453125,248.8761444091797,1080.7557373046875,3139.569580078125
2023-02-24,144.4818115234375,1422.1435546875,243.4545135498047,1088.1510009765625,3127.291259765625
2023-02-27,145.67347717285156,1384.2203369140625,244.37277221679688,1080.91552734375,3064.20263671875
2023-02-28,145.17120361328125,1364.27294921875,243.64988708496094,1060.2362060546875,3046.728759765625
2023-03-01,143.10308837890625,1372.0684814453125,240.57276916503906,1069.982421875,3113.72607421875
2023-03-02,143.69400024414062,1350.149169921875,245.30079650878906,1061.8338623046875,3054.63720703125
2023-03-03,148.7362060546875,1356.70654296875,249.3840789794922,1088.9271240234375,3073.67529296875
2023-03-06,151.4936981201172,1382.523681640625,250.92755126953125,1099.5633544921875,3100.989013671875
2023-03-07,149.29754638671875,,248.2704620361328,,
2023-03-08,150.5482635498047,1368.9959716796875,247.83087158203125,1103.5120849609375,3118.048583984375
2023-03-09,148.30291748046875,1357.7154541015625,246.4827880859375,1076.9896240234375,3068.80029296875
2023-03-10,146.2446746826172,1349.5987548828125,242.839111328125,1060.3046875,3063.4208984375
2023-03-13,148.18475341796875,1316.16943359375,248.04580688476562,1042.8665771484375,3018.31103515625
2023-03-14,150.27252197265625,1302.3209228515625,254.75685119628906,1038.9635009765625,2956.692626953125
2023-03-15,150.66647338867188,1301.9998779296875,259.2993469238281,1021.205810546875,2941.931884765625
2023-03-16,153.48301696777344,1287.738525390625,269.8103942871094,1016.1157836914062,2929.148193359375
2023-03-17,152.64590454101562,1302.9627685546875,272.9656982421875,1014.8377075195312,2923.906494140625
2023-03-20,155.0094757080078,1287.3258056640625,265.9322814941406,1004.8632202148438,2890.798828125
2023-03-21,156.86094665527344,1275.4490966796875,267.44635009765625,1036.1102294921875,2856.58642578125
2023-03-22,155.43295288085938,1274.119140625,265.9908447265625,1039.26025390625,2879.30224609375
2023-03-23,156.51625061035156,1260.6373291015625,271.2366027832031,1026.1131591796875,2873.646484375
2023-03-24,157.81619262695312,1266.23193359375,274.07928466796875,1005.7989501953125,2869.830078125
2023-03-27,155.87612915039062,1273.843994140625,269.9862365722656,1021.4338989257812,2871.485107421875
2023-03-28,155.25564575195312,1263.4346923828125,268.86279296875,1026.2044677734375,2865.599609375
2023-03-29,158.3282928466797,1268.8916015625,274.0206604003906,1020.1329956054688,2886.752197265625
2023-03-30,159.89414978027344,,277.4787292480469,,
2023-03-31,162.39556884765625,1309.612060546875,281.63043212890625,1064.116455078125,2948.369384765625
2023-04-03,163.6462860107422,1293.9290771484375,280.5852355957031,1064.299072265625,2942.943603515625
2023-04-04,163.114501953125,,280.53631591796875,,
2023-04-05,161.27284240722656,1305.576904296875,277.76202392578125,1061.74267578125,2979.546875
2023-04-06,162.1592254638672,1304.0634765625,284.8541564941406,1068.8638916015625,2961.981689453125
2023-04-10,159.5691680908203,1309.291015625,282.6952209472656,1061.2861328125,3001.250732421875
2023-04-11,158.3578338623047,1289.6187744140625,276.2870178222656,1066.535888671875,2955.63525390625
2023-04-12,157.66845703125,1309.93310546875,276.9317321777344,1071.23779296875,2981.248046875
2023-04-13,163.04554748535156,1274.0733642578125,283.1347961425781,1075.27783203125,2932.689697265625
2023-04-14,162.7008819580078,,279.5204162597656,,
2023-04-17,162.72055053710938,1154.021484375,282.11883544921875,1080.73291015625,2887.3037109375
2023-04-18,163.9417266845703,1154.984375,281.6988220214844,1068.3619384765625,2879.2568359375
2023-04-19,165.0841522216797,1130.0843505859375,281.7769470214844,1073.6800537109375,2841.412109375
2023-04-20,164.11898803710938,1122.013671875,279.4910583496094,1070.9637451171875,2855.391357421875
2023-04-21,162.51373291015625,1125.6363525390625,279.1492004394531,1072.310546875,2906.9384765625
2023-04-24,162.81903076171875,1124.67333984375,275.2514953613281,1076.4190673828125,2919.7685546875
2023-04-25,161.28274536132812,1123.38916015625,269.0484313964844,1084.6588134765625,2920.871826171875
2023-04-26,161.27284240722656,1125.81982421875,288.536865234375,1078.290771484375,2941.242431640625
2023-04-27,165.85226440429688,1142.969970703125,297.77801513671875,1085.1153564453125,2931.862060546875
2023-04-28,167.10299682617188,1148.931396484375,300.1518249511719,1104.9500732421875,2960.6474609375
2023-05-01,167.0143280029297,,298.4911193847656,,
2023-05-02,165.98031616210938,1171.5843505859375,298.3446044921875,1114.3311767578125,2960.785400390625
2023-05-03,164.90682983398438,1163.97216796875,297.35797119140625,1104.7674560546875,2924.45849609375
2023-05-04,163.2720489501953,1168.007568359375,298.3446044921875,1117.503662109375,2961.981689453125
2023-05-05,170.9338836669922,1154.755126953125,303.46337890625,1114.650634765625,2971.177490234375
2023-05-08,170.86495971679688,1160.7164306640625,301.5096740722656,1128.4139404296875,2989.47900390625
2023-05-09,169.16128540039062,1165.3936767578125,299.8978271484375,1131.90625,3019.506103515625
2023-05-10,170.9240264892578,1158.5611572265625,305.0850524902344,1139.6895751953125,3022.771240234375
2023-05-11,171.11117553710938,1152.0037841796875,302.93585205078125,1132.2486572265625,3018.494873046875
2023-05-12,170.18414306640625,1142.007080078125,301.822265625,1134.097412109375,3011.275146484375
2023-05-15,169.69107055664062,1154.067138671875,302.3008728027344,1136.334228515625,2993.571533203125
2023-05-16,169.69107055664062,1159.5240478515625,304.5282287597656,1120.1513671875,2996.42236328125
2023-05-17,170.30252075195312,1143.5660400390625,307.4064636230469,1113.5322265625,2950.945068359375
2023-05-18,172.62986755371094,1142.74072265625,311.8315734863281,1111.1356201171875,2942.806396484375
2023-05-19,172.73834228515625,1163.7427978515625,311.6553039550781,1114.7418212890625,2963.95849609375
2023-05-22,171.79161071777344,1185.662353515625,314.4356689453125,1120.6990966796875,3033.715087890625
2023-05-23,169.18812561035156,1192.3114013671875,308.6400146484375,1120.49365234375,3032.197998046875
2023-05-24,169.4642791748047,1191.027587890625,307.2596130371094,1113.9659423828125,3037.99169921875
2023-05-25,170.5983428955078,1196.255126953125,319.0761413574219,1113.8289794921875,3028.9326171875
2023-05-26,173.00462341308594,1208.2694091796875,325.8997802734375,1144.2088623046875,3061.489013671875
2023-05-29,,1205.4722900390625,,1150.645263671875,3053.62646484375
2023-05-30,174.8487548828125,1214.1390380859375,324.2550354003906,1150.3486328125,3049.809326171875
2023-05-31,174.79946899414062,1209.049072265625,321.4942626953125,1127.5009765625,3025.254150390625
2023-06-01,177.60018920898438,1210.149658203125,325.5962829589844,1124.46533203125,3056.98291015625
2023-06-02,178.4482879638672,1207.3612060546875,328.3570251464844,1120.7904052734375,3040.061279296875
2023-06-05,177.09722900390625,1212.473388671875,328.8857116699219,1130.856201171875,3024.7021484375
2023-06-06,176.73236083984375,1188.772216796875,326.6732177734375,1131.81494140625,2972.6494140625
2023-06-07,175.36155700683594,1198.0201416015625,316.5894775390625,1140.3970947265625,3011.8271484375
2023-06-08,178.07354736328125,1192.30419921875,318.42999267578125,1141.0816650390625,2976.465576171875
2023-06-09,178.4581756591797,1176.6427001953125,319.9278259277344,1133.001953125,2951.496826171875
2023-06-12,181.2490234375,1200.80859375,324.88165283203125,1134.006103515625,2986.076171875
2023-06-13,180.77565002441406,1212.798583984375,327.2703857421875,1150.759521484375,2983.13330078125
2023-06-14,181.40679931640625,1208.6624755859375,330.2563171386719,1164.910888671875,2989.89306640625
2023-06-15,183.43832397460938,1196.02197265625,340.7904052734375,1165.23046875,2979.932861328125
2023-06-16,182.3634033203125,1200.52978515625,335.14154052734375,1176.574462890625,2941.575439453125
2023-06-19,,1202.714111328125,,1164.8880615234375,2974.466796875
2023-06-20,182.45213317871094,1211.450927734375,330.951416015625,1167.3074951171875,2990.4951171875
2023-06-21,181.41665649414062,1207.6865234375,326.55572509765625,1170.59423828125,3018.75341796875
2023-06-22,184.41465759277344,1191.1422119140625,332.5765075683594,1157.4471435546875,3000.501220703125
2023-06-23,184.0990753173828,1175.7598876953125,327.9850158691406,1147.974853515625,2979.9794921875
2023-06-26,182.70858764648438,1180.7322998046875,321.6998596191406,1139.210205078125,2955.241455078125
2023-06-27,185.45999145507812,1188.91162109375,327.54449462890625,1139.62109375,2962.3759765625
2023-06-28,186.63356018066406,1202.1097412109375,328.7976379394531,1154.708251953125,2979.14501953125
2023-06-29,186.96885681152344,,328.01434326171875,,
2023-06-30,191.2882843017578,1241.286376953125,333.3891296386719,1164.1805419921875,3059.56640625
2023-07-03,189.7991943359375,1239.6131591796875,330.8927001953125,1194.0582275390625,3031.817626953125
2023-07-04,,1250.2554931640625,,1181.755615234375,3065.681640625
2023-07-05,188.68479919433594,1252.2540283203125,331.0492858886719,1179.8155517578125,3075.9658203125
2023-07-06,189.1581268310547,1249.0936279296875,334.1037902832031,1204.5804443359375,3078.698486328125
2023-07-07,188.04376220703125,1236.360107421875,330.13885498046875,1202.2296142578125,3084.58203125
2023-07-10,186.00241088867188,1235.38427734375,324.8620300292969,1248.5411376953125,3031.4931640625
2023-07-11,185.47975158691406,1253.462158203125,325.48858642578125,1262.076171875,3031.90966796875
2023-07-12,187.1463623046875,1239.24169921875,330.1192932128906,1263.4683837890625,3020.328369140625
2023-07-13,187.9056854248047,1268.7982177734375,335.464599609375,1252.170166015625,3095.052001953125
2023-07-14,188.05360412597656,1325.3553466796875,337.9903869628906,1251.1202392578125,3256.35693359375
2023-07-17,191.30801391601562,1322.5672607421875,338.4701843261719,1276.6842041015625,3235.093505859375
2023-07-18,191.05160522460938,1371.1309814453125,351.9411315917969,1287.52587890625,3239.865234375
2023-07-19,192.40264892578125,1370.898681640625,347.623779296875,1297.294921875,3215.034423828125
2023-07-20,190.45989990234375,1347.244140625,339.5862121582031,1295.723876953125,3217.125
2023-07-21,189.28634643554688,1237.661376953125,336.55133056640625,1255.6134033203125,3128.877685546875
2023-07-24,190.0851593017578,1242.3087158203125,337.8631591796875,1230.216796875,3153.447265625
2023-07-25,190.943115234375,1240.4498291015625,343.6099548339844,1229.425537109375,3157.534423828125
2023-07-26,191.8109588623047,1253.6944580078125,330.6772766113281,1249.4063720703125,3147.455810546875
2023-07-27,190.5486602783203,1257.6912841796875,323.7753601074219,1237.7838134765625,3155.4443359375
2023-07-28,193.12257385253906,1245.93359375,331.2646789550781,1250.2225341796875,3116.89453125
2023-07-31,193.73402404785156,1260.0614013671875,328.8662109375,1260.8065185546875,3178.249755859375
2023-08-01,192.90560913085938,1268.89111328125,329.27728271484375,1242.9769287109375,3206.67431640625
2023-08-02,189.91748046875,1261.1302490234375,320.6229248046875,1229.697509765625,3196.084716796875
2023-08-03,188.52699279785156,1268.0545654296875,319.80059814453125,1224.5291748046875,3158.278076171875
2023-08-04,179.47390747070312,1281.113525390625,320.8970642089844,1241.171630859375,3198.778564453125
2023-08-07,176.37734985351562,1294.72998046875,323.1781005859375,1248.244140625,3236.399658203125
2023-08-08,177.31419372558594,1292.1275634765625,319.203369140625,1240.7264404296875,3223.90576171875
2023-08-09,175.72645568847656,1296.03125,315.463623046875,1248.911865234375,3216.3818359375
2023-08-10,175.50949096679688,1291.105224609375,316.14892578125,1254.4759521484375,3197.43212890625
2023-08-11,175.56874084472656,1275.072021484375,314.26922607421875,1259.767822265625,3203.655517578125
2023-08-14,177.21786499023438,1295.2412109375,317.2356262207031,1274.6546630859375,3204.630615234375
2023-08-15,175.23300170898438,,315.1013488769531,,
2023-08-16,174.36398315429688,1318.43115234375,314.3361511230469,1273.6160888671875,3212.572998046875
2023-08-17,171.82608032226562,1311.971435546875,310.88275146484375,1255.2425537109375,3191.533447265625
2023-08-18,172.30995178222656,1290.8262939453125,310.4903869628906,1264.54052734375,3127.762939453125
2023-08-21,173.64312744140625,1306.2552490234375,315.7881774902344,1250.74267578125,3159.85693359375
2023-08-22,175.01571655273438,1304.7215576171875,316.357177734375,1250.44482421875,3141.74267578125
2023-08-23,178.85714721679688,1308.6251220703125,320.8112487792969,1251.8345947265625,3156.698486328125
2023-08-24,174.17636108398438,1323.1712646484375,313.914306640625,1230.7904052734375,3146.945068359375
2023-08-25,176.3784942626953,1319.918212890625,316.8673400878906,1225.1075439453125,3140.953125
2023-08-28,177.93878173828125,1315.7821044921875,317.5736999511719,1212.8978271484375,3135.612060546875
2023-08-29,181.81964111328125,1317.64111328125,322.1946105957031,1201.2838134765625,3136.169677734375
2023-08-30,185.30555725097656,1333.9066162109375,322.5673828125,1200.1422119140625,3149.917724609375
2023-08-31,185.52279663085938,1334.185302734375,321.5568542480469,1194.65771484375,3118.195068359375
2023-09-01,187.0929718017578,1341.9927978515625,322.43988037109375,1197.4619140625,3139.002685546875
2023-09-04,,1361.74365234375,,1196.494140625,3175.509521484375
2023-09-05,187.32994079589844,1374.570068359375,327.23724365234375,1202.8968505859375,3185.587890625
2023-09-06,180.62478637695312,1373.2222900390625,326.5799865722656,1205.4281005859375,3186.09912109375
2023-09-07,175.3416290283203,1362.7659912109375,323.6661682128906,1207.06591796875,3209.64697265625
2023-09-08,175.95388793945312,1365.9261474609375,327.94366455078125,1215.1064453125,3197.245849609375
2023-09-11,177.11912536621094,1372.2928466796875,331.5442199707031,1228.20947265625,3233.241943359375
2023-09-12,174.09735107421875,1395.2039794921875,325.4909362792969,1210.4659423828125,3326.272705078125
2023-09-13,172.03347778320312,1392.6480712890625,329.69976806640625,1216.52099609375,3314.243408203125
2023-09-14,173.5443878173828,1400.6412353515625,332.28985595703125,1217.6376953125,3306.997802734375
2023-09-15,172.823486328125,1404.9632568359375,323.9703063964844,1219.8961181640625,3342.529296875
2023-09-18,175.7465057373047,1386.56005859375,322.8322448730469,1209.274658203125,3349.8212890625
2023-09-19,176.83279418945312,,322.4299621582031,,
2023-09-20,173.29750061035156,1385.119384765625,314.6991271972656,1182.323974609375,3349.72802734375
2023-09-21,171.7569580078125,1395.808349609375,313.4826354980469,1173.712890625,3330.453125
2023-09-22,172.60621643066406,1390.6031494140625,311.01031494140625,1168.8240966796875,3347.49853515625
2023-09-25,173.88011169433594,1370.1551513671875,311.5303039550781,1161.6273193359375,3322.8818359375
2023-09-26,169.81158447265625,1357.6075439453125,306.23248291015625,1162.6446533203125,3330.824462890625
2023-09-27,168.30068969726562,1363.5096435546875,306.8702087402344,1175.7476806640625,3334.168701171875
2023-09-28,168.55746459960938,1337.9031982421875,307.7040710449219,1158.4755859375,3285.354248046875
2023-09-29,169.07098388671875,1334.185302734375,309.774169921875,1163.8856201171875,3277.783203125
2023-10-02,171.57923889160156,,315.7096252441406,,
2023-10-03,170.24607849121094,1332.8375244140625,307.4588623046875,1150.55908203125,3264.081787109375
2023-10-04,171.49037170410156,1342.4573974609375,312.92340087890625,1148.5738525390625,3286.28271484375
2023-10-05,172.7247314453125,1360.2100830078125,313.3158874511719,1148.549072265625,3334.21484375
2023-10-06,175.27252197265625,1374.38427734375,321.0662841796875,1150.4847412109375,3363.987060546875
2023-10-09,176.75379943847656,1371.3634033203125,323.5778503417969,1140.6822509765625,3379.732421875
2023-10-10,176.16123962402344,1389.6737060546875,322.1749572753906,1145.719970703125,3370.95361328125
2023-10-11,177.5536346435547,1388.9766845703125,326.128662109375,1163.910400390625,3353.304443359375
2023-10-12,178.45228576660156,1362.115478515625,324.8924865722656,1166.0693359375,3290.741455078125
2023-10-13,176.61553955078125,1330.1885986328125,321.5274658203125,1166.0198974609375,3317.030517578125
2023-10-16,176.4871368408203,1332.97705078125,326.3445129394531,1163.4140625,3273.556640625
2023-10-17,174.93673706054688,1340.6915283203125,325.7754821777344,1168.972900390625,3257.76513671875
2023-10-18,173.64312744140625,1338.9254150390625,323.8623352050781,1153.4627685546875,3239.37255859375
2023-10-19,173.26788330078125,1332.512451171875,325.04949951171875,1144.603271484375,3218.32470703125
2023-10-20,170.72007751464844,1326.563720703125,320.48748779296875,1141.104248046875,3254.552734375
2023-10-23,170.83860778808594,1309.2760009765625,323.08734130859375,1123.2861328125,3175.94921875
2023-10-24,171.27310180664062,,324.2744445800781,,
2023-10-25,168.96234130859375,1289.8812255859375,334.2225341796875,1120.6802978515625,3157.2763671875
2023-10-26,164.80491638183594,1279.901611328125,321.68438720703125,1105.0709228515625,3107.590087890625
2023-10-27,166.11830139160156,1299.57861328125,323.5680847167969,1124.5765380859375,3120.815185546875
2023-10-30,168.1624298095703,1296.4718017578125,330.9261474609375,1147.7548828125,3146.51953125
2023-10-31,168.6364288330078,1288.327880859375,331.71099853515625,1135.5452880859375,3137.392333984375
2023-11-01,171.79647827148438,1274.91162109375,339.5202941894531,1140.2603759765625,3101.908935546875
2023-11-02,175.35150146484375,1289.975341796875,341.7277526855469,1151.57666015625,3129.336669921875
2023-11-03,174.44297790527344,1307.76953125,346.1229553222656,1151.3284912109375,3120.76806640625
2023-11-06,176.99072265625,1321.1856689453125,349.7823791503906,1160.9075927734375,3148.102783203125
2023-11-07,179.5484161376953,1322.127197265625,353.7066955566406,1153.3634033203125,3138.9755859375
2023-11-08,180.60504150390625,1309.6053466796875,356.326171875,1159.368896484375,3149.3134765625
2023-11-09,180.1310272216797,1294.3533935546875,353.8636474609375,1146.787109375,3117.555419921875
2023-11-10,184.3136444091797,1288.75146484375,362.67364501953125,1148.946044921875,3104.5166015625
2023-11-13,182.73158264160156,1293.176513671875,359.7402648925781,1148.7972412109375,3102.74755859375
2023-11-14,185.342041015625,,363.2622985839844,,
2023-11-15,185.90565490722656,1327.9644775390625,363.4097900390625,1169.5684814453125,3170.50146484375
2023-11-16,187.58663940429688,1360.3514404296875,369.7997131347656,1171.6778564453125,3257.626220703125
2023-11-17,187.5668487548828,1353.431640625,363.5867614746094,1169.121826171875,3261.91064453125
2023-11-20,189.30714416503906,1352.5372314453125,371.0482482910156,1166.044677734375,3277.882568359375
2023-11-21,188.50621032714844,1354.7967529296875,366.7522277832031,1180.7109375,3269.127685546875
2023-11-22,189.16873168945312,1372.49658203125,371.4512634277344,1185.326904296875,3287.7080078125
2023-11-23,,1364.447021484375,,1188.9500732421875,3267.311767578125
2023-11-24,187.84375,1353.290283203125,371.0383605957031,1188.1558837890625,3219.67529296875
2023-11-27,187.66571044921875,,372.1983947753906,,
2023-11-28,188.26890563964844,1358.2801513671875,376.21917724609375,1188.404052734375,3231.828125
2023-11-29,187.25039672851562,1374.19140625,372.4342956542969,1191.5308837890625,3272.4345703125
2023-11-30,187.8239288330078,1370.001708984375,372.4933166503906,1179.9913330078125,3248.080078125
2023-12-01,189.09951782226562,1367.318603515625,368.1678161621094,1188.3544921875,3270.478515625
2023-12-04,187.3097686767578,1378.6632080078125,362.88873291015625,1201.209228515625,3271.223388671875
2023-12-05,191.255126953125,1368.8719482421875,366.21148681640625,1209.9197998046875,3289.058349609375
2023-12-06,190.16746520996094,1388.03125,362.5544738769531,1221.5091552734375,3356.579345703125
2023-12-07,192.09561157226562,1380.1226806640625,364.6681213378906,1219.4990234375,3366.63720703125
2023-12-08,193.51950073242188,1403.895263671875,367.8925476074219,1218.853759765625,3377.626953125
2023-12-11,191.01779174804688,1401.400146484375,365.0121765136719,1220.6405029296875,3392.714599609375
2023-12-12,192.53067016601562,1389.6787109375,368.0400390625,1203.1202392578125,3419.90966796875
2023-12-13,195.74429321289062,1364.2115478515625,368.03021240234375,1208.03369140625,3346.75439453125
2023-12-14,195.89260864257812,1413.59228515625,359.733154296875,1223.0228271484375,3415.392333984375
2023-12-15,195.35865783691406,1486.0396728515625,364.4518127441406,1238.6324462890625,3595.836181640625
2023-12-18,193.69744873046875,1472.811767578125,366.33929443359375,1251.239013671875,3594.159912109375
2023-12-19,194.73570251464844,1467.115966796875,366.93896484375,1269.6527099609375,3554.113037109375
2023-12-20,192.6492919921875,1446.4974365234375,364.34368896484375,1254.2913818359375,3520.445556640625
2023-12-21,192.50100708007812,1446.1207275390625,367.2142028808594,1271.8614501953125,3527.384033203125
2023-12-22,191.43310546875,1471.4466552734375,368.23663330078125,1273.1021728515625,3561.377197265625
2023-12-26,190.8892364501953,1453.60546875,368.3152770996094,1279.554443359375,3534.88134765625
2023-12-27,190.9881134033203,1475.40087890625,367.73529052734375,1283.922119140625,3549.4560546875
2023-12-28,191.413330078125,1471.2113037109375,368.9248046875,1293.203369140625,3538.93212890625
2023-12-29,190.37509155273438,1452.616943359375,369.67193603515625,1282.9791259765625,3532.878662109375
2024-01-01,,1460.572509765625,,1285.6097412109375,3549.363037109375
2024-01-02,183.5621795654297,1444.6143798828125,364.5894775390625,1296.255859375,3523.379150390625
2024-01-03,182.187744140625,1402.8123779296875,364.32403564453125,1282.16015625,3438.209716796875
2024-01-04,179.8739471435547,1424.1839599609375,361.70904541015625,1288.7860107421875,3414.972900390625
2024-01-05,179.152099609375,1442.87255859375,361.5223083496094,1294.2705078125,3481.1904296875
2024-01-08,183.4831085205078,1433.6932373046875,368.3447265625,1284.17041015625,3425.683349609375
2024-01-09,183.06777954101562,1439.8128662109375,369.4261169433594,1280.7703857421875,3436.487060546875
2024-01-10,184.10604858398438,1430.9627685546875,376.28790283203125,1315.3148193359375,3458.046630859375
2024-01-11,183.51272583007812,1406.7666015625,378.116455078125,1349.9088134765625,3479.00146484375
2024-01-12,183.8390350341797,1518.3797607421875,381.89141845703125,1360.6541748046875,3616.138916015625
2024-01-15,,1555.4271240234375,,1383.8822021484375,3635.69677734375
2024-01-16,181.57467651367188,1536.07958984375,383.660888671875,1364.5255126953125,3596.115478515625
2024-01-17,180.6353302001953,1544.223388671875,382.8744812011719,1351.5714111328125,3617.815673828125
2024-01-18,186.5187530517578,1546.4830322265625,387.199951171875,1357.8995361328125,3634.578857421875
2024-01-19,189.41592407226562,1562.111572265625,391.9186706542969,1357.4031982421875,3697.834716796875
2024-01-22,191.71983337402344,,389.7952880859375,,
2024-01-23,192.99539184570312,1546.059326171875,392.144775390625,1318.8138427734375,3618.30810546875
2024-01-24,192.32302856445312,1577.36376953125,395.7427978515625,1334.00146484375,3602.88134765625
2024-01-25,191.9967041015625,1571.4322509765625,398.0136413574219,1343.1337890625,3573.340087890625
2024-01-26,190.26629638671875,,397.0895690917969,,
2024-01-29,189.58401489257812,1559.663818359375,402.781494140625,1437.4111328125,3564.61865234375
2024-01-30,185.93531799316406,1554.8150634765625,401.67071533203125,1397.2830810546875,3564.19677734375
2024-01-31,182.33607482910156,1563.7122802734375,390.8471374511719,1416.1434326171875,3578.638916015625
2024-02-01,184.76853942871094,1560.0875244140625,396.942138671875,1416.1683349609375,3614.463134765625
2024-02-02,183.7698516845703,1594.2633056640625,404.2561340332031,1446.990234375,3719.638671875
2024-02-05,185.579345703125,1588.4732666015625,398.7804870605469,1428.452392578125,3726.203369140625
2024-02-06,187.1811981201172,1628.2509765625,398.6231384277344,1417.3099365234375,3878.78515625
2024-02-07,187.2899932861328,1594.639892578125,407.0382080078125,1431.554443359375,3829.4560546875
2024-02-08,186.21218872070312,1593.08642578125,407.0971984863281,1439.4708251953125,3877.003173828125
2024-02-09,186.97454833984375,1571.6676025390625,413.4281311035156,1450.0177001953125,3876.62841796875
2024-02-12,185.2914276123047,1581.788818359375,408.22772216796875,1441.679443359375,3864.436767578125
2024-02-13,183.20237731933594,1585.9783935546875,399.4391174316406,1454.335693359375,3891.4453125
2024-02-14,182.32119750976562,1568.701904296875,403.29986572265625,1470.4912109375,3845.11767578125
2024-02-15,182.03411865234375,1578.258056640625,400.4141540527344,1459.79541015625,3848.025146484375
2024-02-16,180.4994659423828,1602.07763671875,397.95196533203125,1449.843994140625,3871.56396484375
2024-02-19,,1600.2889404296875,,1463.17041015625,3848.5869140625
2024-02-20,179.75692749023438,1586.6373291015625,396.7011413574219,1460.21728515625,3779.986328125
2024-02-21,180.5093994140625,1558.6754150390625,396.100341796875,1456.916748046875,3743.27197265625
2024-02-22,182.5390167236328,1582.9654541015625,405.42718505859375,1470.863525390625,3832.92626953125
2024-02-23,180.70741271972656,1578.7288818359375,404.1369934082031,1482.6512451171875,3800.102783203125
2024-02-26,179.36090087890625,1563.0059814453125,401.3793640136719,1476.3974609375,3752.2275390625
2024-02-27,180.81631469726562,1566.254150390625,401.3202819824219,1474.73486328125,3849.150634765625
2024-02-28,179.61831665039062,1573.4566650390625,401.556640625,1444.930419921875,3862.795654296875
2024-02-29,178.95498657226562,1575.951416015625,407.38714599609375,1450.0675048828125,3840.4287109375
2024-03-01,177.8758087158203,1557.8748779296875,409.2190246582031,1481.1622314453125,3839.725341796875
2024-03-04,173.36109924316406,1541.39892578125,408.6477966308594,1496.3250732421875,3826.924072265625
2024-03-05,168.4305419921875,1512.495361328125,396.5632629394531,1489.177978515625,3762.590576171875
2024-03-06,167.4404754638672,1522.89892578125,396.0117492675781,1491.957275390625,3811.5439453125
2024-03-07,167.32168579101562,1521.8631591796875,402.95513916015625,1468.059326171875,3853.089111328125
2024-03-08,169.0344696044922,,400.0793151855469,,
2024-03-11,171.03443908691406,1506.9405517578125,398.4049987792969,1455.8248291015625,3865.984130859375
2024-03-12,171.50967407226562,1518.56787109375,409.0023498535156,1464.5849609375,3931.537109375
2024-03-13,169.43051147460938,1517.108642578125,408.8250427246094,1421.6527099609375,3890.97705078125
2024-03-14,171.2819366455078,1556.556884765625,418.7920837402344,1420.957763671875,3945.9326171875
2024-03-15,170.90574645996094,1538.38623046875,410.1251220703125,1407.80517578125,3956.857666015625
2024-03-18,171.9947967529297,1508.8707275390625,411.01153564453125,1428.899169921875,3894.2587890625
2024-03-19,174.3313446044922,1470.0814208984375,415.0397033691406,1414.778564453125,3729.95458984375
2024-03-20,176.8956298828125,1463.9617919921875,418.80194091796875,1433.1427001953125,3723.9521484375
2024-03-21,169.66810607910156,1463.7264404296875,422.8793029785156,1440.3145751953125,3725.875
2024-03-22,170.569091796875,1420.5595703125,422.2589111328125,1444.3348388671875,3667.68408203125
2024-03-25,169.15328979492188,,416.4677734375,,
2024-03-26,168.0246124267578,1405.307373046875,415.2760314941406,1430.983642578125,3636.361083984375
2024-03-27,171.58888244628906,1397.022216796875,415.059326171875,1481.8818359375,3602.037109375
2024-03-28,169.7770233154297,1410.3914794921875,414.360107421875,1474.933349609375,3635.235595703125
2024-04-01,168.34144592285156,1407.9434814453125,418.15191650390625,1473.8662109375,3673.170166015625
2024-04-02,167.16326904296875,1396.0809326171875,415.06927490234375,1476.025146484375,3642.269287109375
2024-04-03,167.96522521972656,1394.009521484375,414.09417724609375,1460.7880859375,3701.820068359375
2024-04-04,167.14346313476562,1399.70556640625,411.56304931640625,1452.1767578125,3754.337890625
2024-04-05,167.89590454101562,1392.5501708984375,419.0875549316406,1449.3724365234375,3731.783447265625
2024-04-08,166.77713012695312,1390.2906494140625,418.1716003417969,1475.057373046875,3725.500244140625
2024-04-09,167.98501586914062,1407.378662109375,419.8360290527344,1452.896484375,3701.116943359375
2024-04-10,166.11378479003906,1418.62939453125,416.86175537109375,1468.7044677734375,3736.847412109375
2024-04-11,173.30166625976562,,421.46112060546875,,
2024-04-12,174.7967071533203,1397.8695068359375,415.5223083496094,1456.370849609375,3752.555419921875
2024-04-15,170.9750518798828,1382.240966796875,407.38714599609375,1454.062744140625,3696.099853515625
2024-04-16,167.69790649414062,1331.6832275390625,408.31292724609375,1454.98095703125,3631.95361328125
2024-04-17,166.3315887451172,,405.6143798828125,,
2024-04-18,165.381103515625,1336.2022705078125,398.15875244140625,1453.5665283203125,3621.8251953125
2024-04-19,163.3614044189453,1328.67041015625,393.08660888671875,1459.323974609375,3588.2509765625
2024-04-22,164.19302368164062,1348.9124755859375,394.8988037109375,1468.9774169921875,3624.263427734375
2024-04-23,165.24252319335938,1357.997802734375,401.408935546875,1448.603271484375,3633.73486328125
2024-04-24,167.3414764404297,1347.0294189453125,402.8763732910156,1439.5205078125,3592.7998046875
2024-04-25,168.20281982421875,1354.27880859375,393.0078125,1449.2484130859375,3612.634765625
2024-04-26,167.61868286132812,1346.5587158203125,400.17779541015625,1441.8780517578125,3583.703125
2024-04-29,171.7769775390625,1350.79541015625,396.1693115234375,1454.2613525390625,3629.51513671875
2024-04-30,168.63845825195312,1337.4263916015625,383.44464111328125,1456.221923828125,3583.04638671875
2024-05-01,167.61868286132812,,388.9698181152344,,
2024-05-02,171.31166076660156,1331.6832275390625,391.8259582519531,1455.775146484375,3623.044189453125
2024-05-03,181.55885314941406,1333.425048828125,400.51263427734375,1423.46435546875,3604.3818359375
2024-05-06,179.9054412841797,1342.46337890625,407.2886047363281,1409.095703125,3677.20263671875
2024-05-07,180.58859252929688,1356.6326904296875,403.15216064453125,1391.17822265625,3731.501708984375
2024-05-08,180.92523193359375,1343.7813720703125,404.33404541015625,1408.1278076171875,3729.626220703125
2024-05-09,182.73704528808594,1355.314453125,406.0871276855469,1383.8822021484375,3713.91796875
2024-05-10,181.4779510498047,1341.5218505859375,408.470458984375,1397.0845947265625,3651.740966796875
2024-05-13,184.68020629882812,1340.1566162109375,407.4659118652344,1392.394287109375,3702.2890625
2024-05-14,185.82034301757812,1341.33349609375,410.26300048828125,1409.6416015625,3658.587158203125
2024-05-15,188.09066772460938,1336.861328125,417.43597412109375,1405.86962890625,3639.080810546875
2024-05-16,188.20962524414062,1368.3070068359375,415.3739318847656,1414.8778076171875,3684.9423828125
2024-05-17,188.23939514160156,1359.78662109375,414.604248046875,1425.15185546875,3621.7939453125
2024-05-20,189.39930725097656,,419.6658935546875,,
2024-05-21,190.69810485839844,1350.2305908203125,423.3165283203125,1425.57373046875,3608.663818359375
2024-05-22,189.2605438232422,1369.672119140625,424.7767639160156,1449.91845703125,3619.81005859375
2024-05-23,185.2750701904297,1386.2423095703125,421.3037109375,1475.1319580078125,3677.857421875
2024-05-24,188.3484344482422,1379.369384765625,424.42156982421875,1469.37451171875,3636.34130859375
2024-05-27,,1385.253662109375,,1455.4774169921875,3634.02685546875
2024-05-28,188.35833740234375,1381.2054443359375,424.5794372558594,1445.501220703125,3627.272705078125
2024-05-29,188.65577697753906,1366.0474853515625,423.4447937011719,1430.1895751953125,3593.02978515625
2024-05-30,189.6471710205078,1343.9224853515625,409.13824462890625,1414.3814697265625,3529.22021484375
2024-05-31,190.59896850585938,1351.076904296875,409.59210205078125,1419.8907470703125,3467.677734375
2024-06-03,192.36366271972656,1350.11669921875,408.0035400390625,1499.228515625,3497.811767578125
2024-06-04,192.680908203125,1338.3526611328125,410.51953125,1387.0091552734375,3509.288818359375
2024-06-05,194.18785095214844,1373.3563232421875,418.3536376953125,1410.3116455078125,3538.997314453125
2024-06-06,192.80978393554688,1413.8341064453125,418.8567810058594,1421.0819091796875,3618.298583984375
2024-06-07,195.19912719726562,1472.7496337890625,418.1957702636719,1459.1500244140625,3678.329833984375
2024-06-10,191.46145629882812,1440.242919921875,422.1620788574219,1460.5894775390625,3645.03173828125
2024-06-11,205.37095642089844,1436.4014892578125,426.9079284667969,1445.9727783203125,3638.797607421875
2024-06-12,211.24012756347656,1426.2701416015625,435.1761474609375,1452.57373046875,3619.4794921875
2024-06-13,212.40008544921875,1434.6729736328125,435.6892395019531,1454.4847412109375,3663.40478515625
2024-06-14,210.6651153564453,1429.8233642578125,436.666015625,1466.6944580078125,3619.857666015625
2024-06-17,214.80923461914062,,442.38861083984375,,
2024-06-18,212.44964599609375,1438.7542724609375,440.3857421875,1470.1439208984375,3603.845947265625
2024-06-19,,1451.382568359375,,1447.9332275390625,3591.187744140625
2024-06-20,207.87925720214844,1455.2718505859375,439.7543029785156,1462.87255859375,3577.538330078125
2024-06-21,205.70806884765625,1471.885498046875,443.7798156738281,1443.515869140625,3599.737060546875
2024-06-24,206.3524932861328,1466.5556640625,441.69805908203125,1430.88427734375,3605.451904296875
2024-06-25,207.2744903564453,1480.7684326171875,444.9342346191406,1443.46630859375,3625.903076171875
2024-06-26,211.41859436035156,1479.56787109375,446.1280822753906,1502.9013671875,3642.33984375
2024-06-27,212.2613067626953,1510.9224853515625,446.80889892578125,1519.3050537109375,3716.3037109375
2024-06-28,208.8111572265625,1504.5843505859375,440.98760986328125,1553.89892578125,3687.965087890625
2024-07-01,214.88853454589844,1527.6802978515625,450.6371154785156,1548.6875,3757.914306640625
2024-07-02,218.3782958984375,1556.72998046875,453.153076171875,1553.675537109375,3794.944091796875
2024-07-03,219.64732360839844,1562.8280029296875,454.6231994628906,1541.019287109375,3745.681640625
2024-07-04,,1585.155517578125,,1542.6075439453125,3798.29736328125
2024-07-05,224.3961639404297,1582.0823974609375,461.3226318359375,1576.9532470703125,3789.65380859375
2024-07-08,225.86349487304688,1595.718994140625,460.0202331542969,1589.1380615234375,3772.084228515625
2024-07-09,226.716064453125,1591.3975830078125,453.4096374511719,1578.5911865234375,3764.810546875
2024-07-10,230.97915649414062,1582.8507080078125,460.0301208496094,1572.5855712890625,3692.6884765625
2024-07-11,225.61563110351562,1587.1240234375,448.6341857910156,1569.036865234375,3706.432373046875
2024-07-12,228.56008911132812,1643.8310546875,447.49951171875,1584.9937744140625,3952.271484375
2024-07-15,232.38693237304688,1639.317626953125,447.90411376953125,1585.4901123046875,3938.338623046875
2024-07-16,232.8033447265625,1657.5638427734375,443.5232849121094,1564.669189453125,3947.076171875
2024-07-17,226.91436767578125,,437.60333251953125,,
2024-07-18,222.25474548339844,1688.2940673828125,434.4953308105469,1575.0177001953125,4076.583740234375
2024-07-19,222.38360595703125,1721.8092041015625,431.2788391113281,1543.7242431640625,4073.601318359375
2024-07-22,222.03663635253906,1738.9989013671875,437.0310974121094,1489.6495361328125,4059.3525390625
2024-07-23,223.0775909423828,1764.015380859375,438.9156188964844,1476.96826171875,4073.5546875
2024-07-24,216.66317749023438,1761.1824951171875,423.1783752441406,1484.7109375,4077.247314453125
2024-07-25,215.62217712402344,1752.4434814453125,412.8184509277344,1481.435302734375,4092.63330078125
2024-07-26,216.08815002441406,1804.3489990234375,419.5967712402344,1497.9381103515625,4154.50732421875
2024-07-29,216.3657684326172,1796.8583984375,421.0373229980469,1508.931640625,4148.1171875
2024-07-30,216.9209442138672,1802.6683349609375,417.2781677246094,1502.0328369140625,4133.2041015625
2024-07-31,220.17279052734375,1794.1214599609375,412.7691650390625,1494.364501953125,4152.140625
2024-08-01,216.48471069335938,1779.0924072265625,411.545654296875,1504.1671142578125,4163.26611328125
2024-08-02,217.97183227539062,1748.9383544921875,403.0406188964844,1488.309326171875,4055.280517578125
2024-08-05,207.4727783203125,1682.38818359375,389.8785705566406,1436.69140625,3934.087646484375
2024-08-06,205.4502716064453,1681.6197509765625,394.2790832519531,1445.352294921875,3949.37939453125
2024-08-07,208.01806640625,1720.5609130859375,393.1148376464844,1454.062744140625,3977.073974609375
2024-08-08,211.4780731201172,1673.9852294921875,397.3180236816406,1438.4781494140625,3950.6572265625
2024-08-09,214.38290405273438,1700.4901123046875,400.60357666015625,1463.46826171875,4003.868896484375
2024-08-12,215.91146850585938,1726.082763671875,401.383056640625,1449.8936767578125,3972.52880859375
2024-08-13,219.62364196777344,1726.130615234375,408.4870300292969,1452.8717041015625,3973.76025390625
2024-08-14,220.07029724121094,1750.9071044921875,411.2989501953125,1451.109619140625,4066.83251953125
2024-08-15,223.04795837402344,,416.162109375,,
2024-08-16,224.36807250976562,1785.1904296875,413.6316833496094,1467.339599609375,4181.2080078125
2024-08-19,224.20925903320312,1790.8084716796875,416.6563415527344,1482.4791259765625,4251.2255859375
2024-08-20,224.82464599609375,1797.914794921875,419.88848876953125,1489.9990234375,4282.75439453125
2024-08-21,224.7154541015625,1798.394775390625,419.2362060546875,1492.7132568359375,4309.455078125
2024-08-22,222.85939025878906,1805.6453857421875,410.7454833984375,1492.1654052734375,4262.58740234375
2024-08-23,225.15220642089844,1788.2154541015625,411.97113037109375,1494.008056640625,4226.51318359375
2024-08-26,225.48963928222656,1801.7081298828125,408.7092590332031,1506.5828857421875,4263.013671875
2024-08-27,226.33334350585938,1824.7076416015625,409.05523681640625,1494.481201171875,4257.9951171875
2024-08-28,224.8048095703125,1862.160400390625,405.85272216796875,1492.33984375,4266.421875
2024-08-29,228.0802459716797,1856.638427734375,408.34356689453125,1514.874755859375,4271.86669921875
2024-08-30,227.296142578125,1866.5777587890625,412.31707763671875,1503.6197509765625,4311.5859375
2024-09-02,,1886.552490234375,,1510.2183837890625,4280.6240234375
2024-09-03,221.11248779296875,1864.22509765625,404.70611572265625,1503.1217041015625,4272.38720703125
2024-09-04,219.206787109375,1846.1708984375,404.17236328125,1508.525146484375,4241.04638671875
2024-09-05,220.72537231445312,1856.4464111328125,403.6682434082031,1487.035888671875,4237.9228515625
2024-09-06,219.177001953125,1826.3883056640625,397.05560302734375,1458.997802734375,4219.74365234375
2024-09-09,219.2663116455078,1819.4739990234375,401.02911376953125,1456.63232421875,4212.92578125
2024-09-10,218.4722900390625,1836.4237060546875,409.4111022949219,1455.7110595703125,4268.1259765625
2024-09-11,221.0032958984375,1834.35888671875,418.1488952636719,1445.7259521484375,4241.14306640625
2024-09-12,221.11248779296875,1873.0599365234375,422.0630798339844,1473.913330078125,4277.45263671875
2024-09-13,220.84446716308594,1866.9619140625,425.611572265625,1466.766845703125,4282.09228515625
2024-09-16,214.71047973632812,1872.8680419921875,426.3529052734375,1465.4969482421875,4273.23876953125
2024-09-17,215.17697143554688,1875.07666015625,430.1188659667969,1466.4432373046875,4266.04296875
2024-09-18,219.04795837402344,1817.0732421875,425.8290710449219,1457.6282958984375,4115.025390625
2024-09-19,227.16708374023438,1819.041748046875,433.6179504394531,1463.82861328125,4067.6845703125
2024-09-20,226.50205993652344,1830.1336669921875,430.23748779296875,1480.0140380859375,4057.03271484375
2024-09-23,224.78494262695312,1821.2025146484375,428.4978332519531,1487.434326171875,4041.504638671875
2024-09-24,225.67823791503906,1823.2672119140625,424.2080078125,1483.4501953125,4044.156005859375
2024-09-25,224.6857147216797,1820.0982666015625,427.1140441894531,1488.0069580078125,4047.4228515625
2024-09-26,225.8271484375,1824.851806640625,426.3232421875,1491.9910888671875,4064.228759765625
2024-09-27,226.09510803222656,1831.093994140625,423.0712585449219,1520.1038818359375,4079.567626953125
2024-09-30,231.266357421875,1801.179931640625,425.32489013671875,1470.701171875,4041.504638671875
2024-10-01,224.52687072753906,1828.7891845703125,415.8260192871094,1458.997802734375,4059.873046875
2024-10-02,225.0926513671875,,412.3072204589844,,
2024-10-03,223.9908905029297,1818.2735595703125,411.7240295410156,1401.3780517578125,4007.656005859375
2024-10-04,225.11248779296875,1842.0416259765625,411.24957275390625,1381.0093994140625,4026.119140625
2024-10-07,220.04051208496094,1857.55078125,404.8049621582031,1365.272216796875,4045.623779296875
2024-10-08,224.0901641845703,1871.2353515625,409.91522216796875,1391.791259765625,4027.06591796875
2024-10-09,227.8321075439453,1875.2686767578125,412.6333923339844,1369.1318359375,4026.781982421875
2024-10-10,227.33583068847656,1842.85791015625,411.0321350097656,1365.595947265625,4002.59033203125
2024-10-11,225.85691833496094,1858.3189697265625,411.506591796875,1366.6417236328125,3928.548828125
2024-10-14,229.5790252685547,1881.1746826171875,414.2939758300781,1367.0650634765625,3916.666259765625
2024-10-15,232.11004638671875,1881.5589599609375,413.8985900878906,1338.678466796875,3897.8720703125
2024-10-16,230.055419921875,1843.914306640625,411.30889892578125,1348.6884765625,3877.18408203125
2024-10-17,230.4226837158203,1890.0096435546875,411.9019470214844,1351.0291748046875,3890.48681640625
2024-10-18,233.25148010253906,1805.0211181640625,413.3253173828125,1353.8927001953125,3913.313232421875
2024-10-21,234.720458984375,1779.236572265625,413.9381408691406,1363.7532958984375,3872.311279296875
2024-10-22,234.10507202148438,1778.132080078125,422.5672302246094,1338.006103515625,3811.234375
2024-10-23,229.04299926757812,1799.0672607421875,419.69085693359375,1333.2003173828125,3859.402587890625
2024-10-24,228.8544464111328,1789.4158935546875,419.8193359375,1334.4703369140625,3841.986083984375
2024-10-25,229.68820190429688,1788.1676025390625,423.19976806640625,1322.5677490234375,3851.1455078125
2024-10-28,231.6633758544922,1791.336669921875,421.6578369140625,1329.0418701171875,3882.751220703125
2024-10-29,231.93136596679688,1786.4317626953125,426.9558410644531,1334.66943359375,3867.944580078125
2024-10-30,228.38795471191406,1750.301025390625,427.5291442871094,1338.553955078125,3876.866455078125
2024-10-31,224.2291259765625,1706.740234375,401.6518859863281,1326.7510986328125,3766.577880859375
2024-11-01,221.25143432617188,1710.236572265625,405.6253662109375,1333.3248291015625,3781.52685546875
2024-11-04,220.35812377929688,1712.9561767578125,403.7374267578125,1296.9700927734375,3762.496337890625
2024-11-05,221.7873992919922,1703.7777099609375,406.7027282714844,1300.1075439453125,3769.330322265625
2024-11-06,221.0628662109375,1771.2801513671875,415.3219299316406,1320.0777587890625,3929.069091796875
2024-11-07,225.7874298095703,1751.2237548828125,420.51123046875,1300.4561767578125,3939.746826171875
2024-11-08,225.51914978027344,1777.3504638671875,417.6546325683594,1278.6431884765625,3936.045166015625
2024-11-11,222.80645751953125,1806.6337890625,413.1770324707031,1267.6370849609375,3985.115234375
2024-11-12,222.80645751953125,1815.083740234375,418.13897705078125,1269.1810302734375,3983.881591796875
2024-11-13,223.69082641601562,1814.6953125,420.2839050292969,1247.0693359375,3939.22509765625
2024-11-14,226.77113342285156,1810.9559326171875,421.9543762207031,1262.5574951171875,3935.00048828125
2024-11-15,223.5715789794922,,410.20184326171875,,
2024-11-18,226.57241821289062,1759.3822021484375,410.95306396484375,1255.7347412109375,3815.031005859375
2024-11-19,226.83074951171875,1772.2999267578125,412.9595642089844,1236.710693359375,3834.060791015625
2024-11-20,227.54620361328125,,410.6861267089844,,
2024-11-21,227.06924438476562,1781.3326416015625,408.913330078125,1218.1348876953125,3865.6669921875
2024-11-22,228.41065979003906,1847.572265625,413.00372314453125,1260.3662109375,4028.680419921875
2024-11-25,231.39163208007812,1835.383056640625,414.7765808105469,1281.8802490234375,4095.593994140625
2024-11-26,233.56771850585938,1868.8427734375,423.888427734375,1290.545654296875,4131.28125
2024-11-27,233.43853759765625,1869.1827392578125,418.9363098144531,1288.0555419921875,4112.15576171875
2024-11-28,,1803.282958984375,,1265.7447509765625,4028.96484375
2024-11-29,235.8233184814453,1804.448486328125,419.4018249511719,1287.0595703125,4053.59521484375
2024-12-02,238.0689697265625,1825.7677001953125,426.8497619628906,1303.9422607421875,4059.099853515625
2024-12-03,241.10951232910156,1837.7139892578125,427.06768798828125,1318.035888671875,4083.87255859375
2024-12-04,241.46725463867188,1834.9459228515625,433.22802734375,1303.742919921875,4132.89404296875
2024-12-05,241.4970703125,1879.2352294921875,438.3782043457031,1316.7908935546875,4236.966796875
2024-12-06,241.29833984375,1867.1431884765625,439.3191223144531,1306.3326416015625,4219.3603515625
2024-12-09,245.18350219726562,1868.357177734375,441.74560546875,1289.9979248046875,4225.67236328125
2024-12-10,246.197021484375,1892.54150390625,439.08135986328125,1279.73876953125,4207.0693359375
2024-12-11,244.9251708984375,1917.4056396484375,444.68719482421875,1273.115234375,4202.22900390625
2024-12-12,246.38583374023438,1929.88623046875,445.251708984375,1257.876220703125,4228.330078125
2024-12-13,246.55474853515625,1942.22119140625,442.9836730957031,1267.78662109375,4246.31591796875
2024-12-16,249.44627380371094,1923.1361083984375,447.26226806640625,1263.2547607421875,4190.6025390625
2024-12-17,251.87078857421875,1919.7852783203125,450.104736328125,1240.34619140625,4108.31201171875
2024-12-18,246.4752655029297,1922.261962890625,433.19830322265625,1248.2645263671875,4126.677734375
2024-12-19,248.20419311523438,1890.259033203125,432.841796875,1225.55517578125,4054.591552734375
2024-12-20,252.87437438964844,1866.9002685546875,432.41595458984375,1200.50537109375,3958.159423828125
2024-12-23,253.64939880371094,1868.988525390625,431.078857421875,1217.437744140625,3946.77001953125
2024-12-24,256.560791015625,1854.1768798828125,435.1197509765625,1217.8858642578125,3966.891845703125
2024-12-26,257.3755798339844,1852.5743408203125,433.9114074707031,1211.7105712890625,3957.02099609375
2024-12-27,253.96737670898438,1861.655517578125,426.4040832519531,1216.1927490234375,3952.987060546875
2024-12-30,250.59890747070312,1851.2144775390625,420.7586669921875,1205.8837890625,3947.24462890625
